,date,close
0,20170509  03:30:00,2394.75
1,20170509  03:31:00,2395.0
2,20170509  03:32:00,2395.25
3,20170509  03:33:00,2395.0
4,20170509  03:34:00,2395.0
5,20170509  03:35:00,2395.0
6,20170509  03:36:00,2395.25
7,20170509  03:37:00,2395.0
8,20170509  03:38:00,2394.75
9,20170509  03:39:00,2394.75
10,20170509  03:40:00,2395.0
11,20170509  03:41:00,2395.0
12,20170509  03:42:00,2395.0
13,20170509  03:43:00,2395.0
14,20170509  03:44:00,2395.0
15,20170509  03:45:00,2395.0
16,20170509  03:46:00,2395.25
17,20170509  03:47:00,2395.25
18,20170509  03:48:00,2395.25
19,20170509  03:49:00,2395.25
20,20170509  03:50:00,2395.25
21,20170509  03:51:00,2395.25
22,20170509  03:52:00,2395.25
23,20170509  03:53:00,2395.25
24,20170509  03:54:00,2395.75
25,20170509  03:55:00,2395.5
26,20170509  03:56:00,2395.5
27,20170509  03:57:00,2395.5
28,20170509  03:58:00,2395.25
29,20170509  03:59:00,2395.5
30,20170509  04:00:00,2395.25
31,20170509  04:01:00,2395.25
32,20170509  04:02:00,2395.25
33,20170509  04:03:00,2395.5
34,20170509  04:04:00,2395.25
35,20170509  04:05:00,2395.25
36,20170509  04:06:00,2395.0
37,20170509  04:07:00,2395.0
38,20170509  04:08:00,2395.25
39,20170509  04:09:00,2395.25
40,20170509  04:10:00,2395.25
41,20170509  04:11:00,2395.5
42,20170509  04:12:00,2395.5
43,20170509  04:13:00,2395.5
44,20170509  04:14:00,2395.5
45,20170509  04:15:00,2395.5
46,20170509  04:16:00,2395.25
47,20170509  04:17:00,2395.5
48,20170509  04:18:00,2395.5
49,20170509  04:19:00,2395.75
50,20170509  04:20:00,2395.5
51,20170509  04:21:00,2395.25
52,20170509  04:22:00,2395.25
53,20170509  04:23:00,2395.5
54,20170509  04:24:00,2395.25
55,20170509  04:25:00,2395.5
56,20170509  04:26:00,2395.5
57,20170509  04:27:00,2395.5
58,20170509  04:28:00,2395.5
59,20170509  04:29:00,2395.5
60,20170509  04:30:00,2395.5
61,20170509  04:31:00,2395.75
62,20170509  04:32:00,2395.75
63,20170509  04:33:00,2395.75
64,20170509  04:34:00,2395.5
65,20170509  04:35:00,2395.75
66,20170509  04:36:00,2395.75
67,20170509  04:37:00,2395.5
68,20170509  04:38:00,2395.75
69,20170509  04:39:00,2395.5
70,20170509  04:40:00,2395.75
71,20170509  04:41:00,2395.5
72,20170509  04:42:00,2395.5
73,20170509  04:43:00,2395.5
74,20170509  04:44:00,2395.5
75,20170509  04:45:00,2395.25
76,20170509  04:46:00,2395.25
77,20170509  04:47:00,2395.25
78,20170509  04:48:00,2395.5
79,20170509  04:49:00,2395.25
80,20170509  04:50:00,2395.5
81,20170509  04:51:00,2395.25
82,20170509  04:52:00,2395.25
83,20170509  04:53:00,2395.25
84,20170509  04:54:00,2395.25
85,20170509  04:55:00,2395.5
86,20170509  04:56:00,2395.5
87,20170509  04:57:00,2395.25
88,20170509  04:58:00,2395.25
89,20170509  04:59:00,2395.0
90,20170509  05:00:00,2395.25
91,20170509  05:01:00,2395.25
92,20170509  05:02:00,2395.25
93,20170509  05:03:00,2395.0
94,20170509  05:04:00,2395.0
95,20170509  05:05:00,2395.25
96,20170509  05:06:00,2395.0
97,20170509  05:07:00,2395.0
98,20170509  05:08:00,2394.75
99,20170509  05:09:00,2395.0
100,20170509  05:10:00,2394.75
101,20170509  05:11:00,2394.75
102,20170509  05:12:00,2395.0
103,20170509  05:13:00,2395.0
104,20170509  05:14:00,2395.0
105,20170509  05:15:00,2394.5
106,20170509  05:16:00,2394.5
107,20170509  05:17:00,2394.5
108,20170509  05:18:00,2394.75
109,20170509  05:19:00,2394.5
110,20170509  05:20:00,2394.75
111,20170509  05:21:00,2394.75
112,20170509  05:22:00,2395.0
113,20170509  05:23:00,2395.0
114,20170509  05:24:00,2394.75
115,20170509  05:25:00,2395.0
116,20170509  05:26:00,2394.75
117,20170509  05:27:00,2394.75
118,20170509  05:28:00,2394.75
119,20170509  05:29:00,2394.5
120,20170509  05:30:00,2394.75
121,20170509  05:31:00,2393.25
122,20170509  05:32:00,2393.75
123,20170509  05:33:00,2393.75
124,20170509  05:34:00,2394.0
125,20170509  05:35:00,2393.75
126,20170509  05:36:00,2394.0
127,20170509  05:37:00,2394.25
128,20170509  05:38:00,2394.0
129,20170509  05:39:00,2394.0
130,20170509  05:40:00,2393.75
131,20170509  05:41:00,2393.75
132,20170509  05:42:00,2393.5
133,20170509  05:43:00,2393.25
134,20170509  05:44:00,2393.5
135,20170509  05:45:00,2393.5
136,20170509  05:46:00,2393.25
137,20170509  05:47:00,2393.25
138,20170509  05:48:00,2393.25
139,20170509  05:49:00,2393.5
140,20170509  05:50:00,2393.75
141,20170509  05:51:00,2393.75
142,20170509  05:52:00,2393.75
143,20170509  05:53:00,2393.75
144,20170509  05:54:00,2394.0
145,20170509  05:55:00,2394.0
146,20170509  05:56:00,2394.0
147,20170509  05:57:00,2394.0
148,20170509  05:58:00,2394.0
149,20170509  05:59:00,2394.0
150,20170509  06:00:00,2394.5
151,20170509  06:01:00,2394.25
152,20170509  06:02:00,2394.5
153,20170509  06:03:00,2394.25
154,20170509  06:04:00,2394.25
155,20170509  06:05:00,2394.5
156,20170509  06:06:00,2394.25
157,20170509  06:07:00,2394.25
158,20170509  06:08:00,2394.25
159,20170509  06:09:00,2394.25
160,20170509  06:10:00,2394.25
161,20170509  06:11:00,2394.0
162,20170509  06:12:00,2394.0
163,20170509  06:13:00,2394.25
164,20170509  06:14:00,2394.25
165,20170509  06:15:00,2394.5
166,20170509  06:16:00,2394.5
167,20170509  06:17:00,2394.25
168,20170509  06:18:00,2394.5
169,20170509  06:19:00,2394.5
170,20170509  06:20:00,2394.75
171,20170509  06:21:00,2394.25
172,20170509  06:22:00,2394.5
173,20170509  06:23:00,2394.25
174,20170509  06:24:00,2394.5
175,20170509  06:25:00,2394.0
176,20170509  06:26:00,2394.0
177,20170509  06:27:00,2394.0
178,20170509  06:28:00,2393.75
179,20170509  06:29:00,2393.75
180,20170509  06:30:00,2394.0
181,20170509  06:31:00,2394.25
182,20170509  06:32:00,2394.5
183,20170509  06:33:00,2394.5
184,20170509  06:34:00,2394.75
185,20170509  06:35:00,2394.5
186,20170509  06:36:00,2394.75
187,20170509  06:37:00,2394.5
188,20170509  06:38:00,2394.25
189,20170509  06:39:00,2394.25
190,20170509  06:40:00,2394.25
191,20170509  06:41:00,2394.25
192,20170509  06:42:00,2394.25
193,20170509  06:43:00,2394.5
194,20170509  06:44:00,2394.5
195,20170509  06:45:00,2394.75
196,20170509  06:46:00,2394.5
197,20170509  06:47:00,2394.75
198,20170509  06:48:00,2394.75
199,20170509  06:49:00,2394.75
200,20170509  06:50:00,2394.75
201,20170509  06:51:00,2394.5
202,20170509  06:52:00,2394.75
203,20170509  06:53:00,2394.5
204,20170509  06:54:00,2394.75
205,20170509  06:55:00,2394.75
206,20170509  06:56:00,2394.5
207,20170509  06:57:00,2394.75
208,20170509  06:58:00,2394.75
209,20170509  06:59:00,2394.75
210,20170509  07:00:00,2394.5
211,20170509  07:01:00,2394.75
212,20170509  07:02:00,2394.5
213,20170509  07:03:00,2394.75
214,20170509  07:04:00,2394.75
215,20170509  07:05:00,2395.0
216,20170509  07:06:00,2394.5
217,20170509  07:07:00,2394.5
218,20170509  07:08:00,2394.25
219,20170509  07:09:00,2394.25
220,20170509  07:10:00,2394.0
221,20170509  07:11:00,2394.5
222,20170509  07:12:00,2394.5
223,20170509  07:13:00,2394.0
224,20170509  07:14:00,2394.0
225,20170509  07:15:00,2394.0
226,20170509  07:16:00,2394.0
227,20170509  07:17:00,2394.25
228,20170509  07:18:00,2394.25
229,20170509  07:19:00,2394.25
230,20170509  07:20:00,2394.0
231,20170509  07:21:00,2393.75
232,20170509  07:22:00,2394.0
233,20170509  07:23:00,2394.0
234,20170509  07:24:00,2394.0
235,20170509  07:25:00,2394.0
236,20170509  07:26:00,2394.0
237,20170509  07:27:00,2394.0
238,20170509  07:28:00,2394.0
239,20170509  07:29:00,2394.0
240,20170509  07:30:00,2393.75
241,20170509  07:31:00,2393.75
242,20170509  07:32:00,2394.0
243,20170509  07:33:00,2394.0
244,20170509  07:34:00,2393.75
245,20170509  07:35:00,2394.0
246,20170509  07:36:00,2394.0
247,20170509  07:37:00,2393.75
248,20170509  07:38:00,2393.75
249,20170509  07:39:00,2394.0
250,20170509  07:40:00,2393.75
251,20170509  07:41:00,2393.75
252,20170509  07:42:00,2393.5
253,20170509  07:43:00,2393.5
254,20170509  07:44:00,2393.5
255,20170509  07:45:00,2393.25
256,20170509  07:46:00,2393.25
257,20170509  07:47:00,2393.5
258,20170509  07:48:00,2393.5
259,20170509  07:49:00,2393.5
260,20170509  07:50:00,2393.25
261,20170509  07:51:00,2393.5
262,20170509  07:52:00,2393.5
263,20170509  07:53:00,2393.5
264,20170509  07:54:00,2393.5
265,20170509  07:55:00,2393.5
266,20170509  07:56:00,2393.25
267,20170509  07:57:00,2393.5
268,20170509  07:58:00,2393.5
269,20170509  07:59:00,2393.75
270,20170509  08:00:00,2393.5
271,20170509  08:01:00,2393.75
272,20170509  08:02:00,2393.75
273,20170509  08:03:00,2393.75
274,20170509  08:04:00,2393.75
275,20170509  08:05:00,2393.75
276,20170509  08:06:00,2393.75
277,20170509  08:07:00,2393.75
278,20170509  08:08:00,2393.75
279,20170509  08:09:00,2393.75
280,20170509  08:10:00,2393.75
281,20170509  08:11:00,2394.0
282,20170509  08:12:00,2394.25
283,20170509  08:13:00,2394.25
284,20170509  08:14:00,2394.5
285,20170509  08:15:00,2394.25
286,20170509  08:16:00,2394.25
287,20170509  08:17:00,2394.25
288,20170509  08:18:00,2394.5
289,20170509  08:19:00,2394.5
290,20170509  08:20:00,2394.25
291,20170509  08:21:00,2394.25
292,20170509  08:22:00,2394.5
293,20170509  08:23:00,2394.5
294,20170509  08:24:00,2394.25
295,20170509  08:25:00,2394.25
296,20170509  08:26:00,2394.25
297,20170509  08:27:00,2394.25
298,20170509  08:28:00,2394.25
299,20170509  08:29:00,2394.5
300,20170509  08:30:00,2394.5
301,20170509  08:31:00,2394.5
302,20170509  08:32:00,2394.25
303,20170509  08:33:00,2394.5
304,20170509  08:34:00,2394.25
305,20170509  08:35:00,2394.25
306,20170509  08:36:00,2394.5
307,20170509  08:37:00,2394.5
308,20170509  08:38:00,2394.25
309,20170509  08:39:00,2394.5
310,20170509  08:40:00,2394.5
311,20170509  08:41:00,2394.25
312,20170509  08:42:00,2394.25
313,20170509  08:43:00,2394.25
314,20170509  08:44:00,2394.5
315,20170509  08:45:00,2394.5
316,20170509  08:46:00,2394.5
317,20170509  08:47:00,2394.5
318,20170509  08:48:00,2394.5
319,20170509  08:49:00,2394.5
320,20170509  08:50:00,2394.75
321,20170509  08:51:00,2394.5
322,20170509  08:52:00,2394.5
323,20170509  08:53:00,2394.25
324,20170509  08:54:00,2394.25
325,20170509  08:55:00,2394.25
326,20170509  08:56:00,2394.25
327,20170509  08:57:00,2394.25
328,20170509  08:58:00,2394.25
329,20170509  08:59:00,2394.25
330,20170509  09:00:00,2394.25
331,20170509  09:01:00,2394.0
332,20170509  09:02:00,2394.0
333,20170509  09:03:00,2394.0
334,20170509  09:04:00,2394.0
335,20170509  09:05:00,2394.0
336,20170509  09:06:00,2394.0
337,20170509  09:07:00,2394.0
338,20170509  09:08:00,2394.0
339,20170509  09:09:00,2394.0
340,20170509  09:10:00,2394.25
341,20170509  09:11:00,2394.25
342,20170509  09:12:00,2394.25
343,20170509  09:13:00,2394.5
344,20170509  09:14:00,2394.25
345,20170509  09:15:00,2394.25
346,20170509  09:16:00,2394.0
347,20170509  09:17:00,2394.0
348,20170509  09:18:00,2394.25
349,20170509  09:19:00,2394.0
350,20170509  09:20:00,2394.0
351,20170509  09:21:00,2394.0
352,20170509  09:22:00,2394.0
353,20170509  09:23:00,2394.25
354,20170509  09:24:00,2394.25
355,20170509  09:25:00,2394.25
356,20170509  09:26:00,2394.25
357,20170509  09:27:00,2394.0
358,20170509  09:28:00,2394.0
359,20170509  09:29:00,2394.0
360,20170509  09:30:00,2394.0
361,20170509  09:31:00,2393.75
362,20170509  09:32:00,2394.0
363,20170509  09:33:00,2394.25
364,20170509  09:34:00,2394.25
365,20170509  09:35:00,2394.0
366,20170509  09:36:00,2394.5
367,20170509  09:37:00,2394.25
368,20170509  09:38:00,2394.5
369,20170509  09:39:00,2394.25
370,20170509  09:40:00,2394.5
371,20170509  09:41:00,2394.5
372,20170509  09:42:00,2394.25
373,20170509  09:43:00,2394.0
374,20170509  09:44:00,2394.25
375,20170509  09:45:00,2394.25
376,20170509  09:46:00,2394.25
377,20170509  09:47:00,2394.25
378,20170509  09:48:00,2394.0
379,20170509  09:49:00,2394.0
380,20170509  09:50:00,2394.0
381,20170509  09:51:00,2394.0
382,20170509  09:52:00,2394.0
383,20170509  09:53:00,2394.25
384,20170509  09:54:00,2394.25
385,20170509  09:55:00,2394.25
386,20170509  09:56:00,2394.0
387,20170509  09:57:00,2393.75
388,20170509  09:58:00,2394.0
389,20170509  09:59:00,2394.0
390,20170509  10:00:00,2394.0
391,20170509  10:01:00,2393.75
392,20170509  10:02:00,2393.75
393,20170509  10:03:00,2393.75
394,20170509  10:04:00,2393.5
395,20170509  10:05:00,2393.75
396,20170509  10:06:00,2393.5
397,20170509  10:07:00,2393.5
398,20170509  10:08:00,2393.5
399,20170509  10:09:00,2393.5
400,20170509  10:10:00,2393.5
401,20170509  10:11:00,2393.75
402,20170509  10:12:00,2393.75
403,20170509  10:13:00,2394.0
404,20170509  10:14:00,2394.0
405,20170509  10:15:00,2394.0
406,20170509  10:16:00,2394.0
407,20170509  10:17:00,2394.0
408,20170509  10:18:00,2394.0
409,20170509  10:19:00,2393.75
410,20170509  10:20:00,2393.75
411,20170509  10:21:00,2394.0
412,20170509  10:22:00,2393.75
413,20170509  10:23:00,2393.75
414,20170509  10:24:00,2393.75
415,20170509  10:25:00,2394.0
416,20170509  10:26:00,2393.75
417,20170509  10:27:00,2393.75
418,20170509  10:28:00,2393.75
419,20170509  10:29:00,2394.0
420,20170509  10:30:00,2394.0
421,20170509  10:31:00,2394.0
422,20170509  10:32:00,2394.0
423,20170509  10:33:00,2394.0
424,20170509  10:34:00,2394.0
425,20170509  10:35:00,2394.25
426,20170509  10:36:00,2394.0
427,20170509  10:37:00,2394.0
428,20170509  10:38:00,2394.25
429,20170509  10:39:00,2394.0
430,20170509  10:40:00,2394.25
431,20170509  10:41:00,2394.25
432,20170509  10:42:00,2394.5
433,20170509  10:43:00,2394.25
434,20170509  10:44:00,2394.25
435,20170509  10:45:00,2394.25
436,20170509  10:46:00,2394.25
437,20170509  10:47:00,2394.5
438,20170509  10:48:00,2394.5
439,20170509  10:49:00,2394.5
440,20170509  10:50:00,2394.5
441,20170509  10:51:00,2394.25
442,20170509  10:52:00,2394.5
443,20170509  10:53:00,2394.5
444,20170509  10:54:00,2394.5
445,20170509  10:55:00,2394.5
446,20170509  10:56:00,2394.25
447,20170509  10:57:00,2394.0
448,20170509  10:58:00,2394.0
449,20170509  10:59:00,2394.0
450,20170509  11:00:00,2394.0
451,20170509  11:01:00,2394.0
452,20170509  11:02:00,2393.75
453,20170509  11:03:00,2393.75
454,20170509  11:04:00,2393.75
455,20170509  11:05:00,2394.0
456,20170509  11:06:00,2393.75
457,20170509  11:07:00,2393.75
458,20170509  11:08:00,2393.75
459,20170509  11:09:00,2393.75
460,20170509  11:10:00,2393.75
461,20170509  11:11:00,2393.75
462,20170509  11:12:00,2394.0
463,20170509  11:13:00,2393.75
464,20170509  11:14:00,2393.75
465,20170509  11:15:00,2393.75
466,20170509  11:16:00,2393.75
467,20170509  11:17:00,2393.75
468,20170509  11:18:00,2394.0
469,20170509  11:19:00,2394.0
470,20170509  11:20:00,2393.75
471,20170509  11:21:00,2393.75
472,20170509  11:22:00,2393.75
473,20170509  11:23:00,2393.75
474,20170509  11:24:00,2393.75
475,20170509  11:25:00,2393.75
476,20170509  11:26:00,2394.0
477,20170509  11:27:00,2394.0
478,20170509  11:28:00,2394.0
479,20170509  11:29:00,2394.0
480,20170509  11:30:00,2394.0
481,20170509  11:31:00,2394.0
482,20170509  11:32:00,2394.25
483,20170509  11:33:00,2394.25
484,20170509  11:34:00,2394.25
485,20170509  11:35:00,2394.25
486,20170509  11:36:00,2394.5
487,20170509  11:37:00,2394.25
488,20170509  11:38:00,2394.25
489,20170509  11:39:00,2394.0
490,20170509  11:40:00,2394.0
491,20170509  11:41:00,2394.25
492,20170509  11:42:00,2394.25
493,20170509  11:43:00,2394.0
494,20170509  11:44:00,2394.5
495,20170509  11:45:00,2394.5
496,20170509  11:46:00,2394.5
497,20170509  11:47:00,2394.5
498,20170509  11:48:00,2394.0
499,20170509  11:49:00,2394.25
500,20170509  11:50:00,2394.25
501,20170509  11:51:00,2394.5
502,20170509  11:52:00,2394.5
503,20170509  11:53:00,2394.75
504,20170509  11:54:00,2394.5
505,20170509  11:55:00,2394.25
506,20170509  11:56:00,2394.25
507,20170509  11:57:00,2394.25
508,20170509  11:58:00,2394.25
509,20170509  11:59:00,2394.0
510,20170509  12:00:00,2394.25
511,20170509  12:01:00,2394.25
512,20170509  12:02:00,2394.25
513,20170509  12:03:00,2394.25
514,20170509  12:04:00,2394.25
515,20170509  12:05:00,2394.25
516,20170509  12:06:00,2394.25
517,20170509  12:07:00,2394.5
518,20170509  12:08:00,2394.5
519,20170509  12:09:00,2394.5
520,20170509  12:10:00,2394.75
521,20170509  12:11:00,2394.75
522,20170509  12:12:00,2394.75
523,20170509  12:13:00,2394.5
524,20170509  12:14:00,2394.75
525,20170509  12:15:00,2394.75
526,20170509  12:16:00,2394.5
527,20170509  12:17:00,2394.5
528,20170509  12:18:00,2394.75
529,20170509  12:19:00,2394.75
530,20170509  12:20:00,2394.75
531,20170509  12:21:00,2395.0
532,20170509  12:22:00,2394.75
533,20170509  12:23:00,2395.0
534,20170509  12:24:00,2395.0
535,20170509  12:25:00,2395.0
536,20170509  12:26:00,2394.75
537,20170509  12:27:00,2395.0
538,20170509  12:28:00,2395.0
539,20170509  12:29:00,2394.5
540,20170509  12:30:00,2394.75
541,20170509  12:31:00,2394.75
542,20170509  12:32:00,2395.5
543,20170509  12:33:00,2395.75
544,20170509  12:34:00,2396.0
545,20170509  12:35:00,2395.75
546,20170509  12:36:00,2395.75
547,20170509  12:37:00,2395.75
548,20170509  12:38:00,2395.5
549,20170509  12:39:00,2395.5
550,20170509  12:40:00,2395.5
551,20170509  12:41:00,2395.25
552,20170509  12:42:00,2395.0
553,20170509  12:43:00,2394.75
554,20170509  12:44:00,2394.25
555,20170509  12:45:00,2394.25
556,20170509  12:46:00,2394.5
557,20170509  12:47:00,2394.0
558,20170509  12:48:00,2393.75
559,20170509  12:49:00,2394.0
560,20170509  12:50:00,2393.5
561,20170509  12:51:00,2394.0
562,20170509  12:52:00,2393.75
563,20170509  12:53:00,2393.5
564,20170509  12:54:00,2393.25
565,20170509  12:55:00,2393.25
566,20170509  12:56:00,2393.0
567,20170509  12:57:00,2393.5
568,20170509  12:58:00,2393.25
569,20170509  12:59:00,2393.5
570,20170509  13:00:00,2393.5
571,20170509  13:01:00,2393.75
572,20170509  13:02:00,2393.75
573,20170509  13:03:00,2393.75
574,20170509  13:04:00,2393.75
575,20170509  13:05:00,2393.75
576,20170509  13:06:00,2393.75
577,20170509  13:07:00,2394.5
578,20170509  13:08:00,2394.5
579,20170509  13:09:00,2394.5
580,20170509  13:10:00,2395.0
581,20170509  13:11:00,2395.5
582,20170509  13:12:00,2395.5
583,20170509  13:13:00,2395.25
584,20170509  13:14:00,2395.25
585,20170509  13:15:00,2395.0
586,20170509  13:16:00,2395.5
587,20170509  13:17:00,2395.5
588,20170509  13:18:00,2395.75
589,20170509  13:19:00,2396.0
590,20170509  13:20:00,2396.0
591,20170509  13:21:00,2395.5
592,20170509  13:22:00,2395.5
593,20170509  13:23:00,2395.5
594,20170509  13:24:00,2395.5
595,20170509  13:25:00,2395.0
596,20170509  13:26:00,2395.0
597,20170509  13:27:00,2395.0
598,20170509  13:28:00,2395.25
599,20170509  13:29:00,2395.0
600,20170509  13:30:00,2394.75
601,20170509  13:31:00,2395.25
602,20170509  13:32:00,2395.0
603,20170509  13:33:00,2395.5
604,20170509  13:34:00,2395.5
605,20170509  13:35:00,2395.25
606,20170509  13:36:00,2395.0
607,20170509  13:37:00,2395.25
608,20170509  13:38:00,2395.75
609,20170509  13:39:00,2395.75
610,20170509  13:40:00,2395.75
611,20170509  13:41:00,2395.5
612,20170509  13:42:00,2395.5
613,20170509  13:43:00,2395.25
614,20170509  13:44:00,2395.0
615,20170509  13:45:00,2394.75
616,20170509  13:46:00,2394.75
617,20170509  13:47:00,2395.0
618,20170509  13:48:00,2394.75
619,20170509  13:49:00,2394.5
620,20170509  13:50:00,2394.5
621,20170509  13:51:00,2394.5
622,20170509  13:52:00,2394.25
623,20170509  13:53:00,2394.25
624,20170509  13:54:00,2394.25
625,20170509  13:55:00,2394.25
626,20170509  13:56:00,2394.25
627,20170509  13:57:00,2394.5
628,20170509  13:58:00,2394.75
629,20170509  13:59:00,2394.75
630,20170509  14:00:00,2394.75
631,20170509  14:01:00,2394.5
632,20170509  14:02:00,2394.25
633,20170509  14:03:00,2394.5
634,20170509  14:04:00,2394.5
635,20170509  14:05:00,2394.75
636,20170509  14:06:00,2394.75
637,20170509  14:07:00,2394.75
638,20170509  14:08:00,2395.0
639,20170509  14:09:00,2395.0
640,20170509  14:10:00,2395.0
641,20170509  14:11:00,2395.0
642,20170509  14:12:00,2395.0
643,20170509  14:13:00,2395.0
644,20170509  14:14:00,2395.0
645,20170509  14:15:00,2395.25
646,20170509  14:16:00,2395.25
647,20170509  14:17:00,2394.75
648,20170509  14:18:00,2394.75
649,20170509  14:19:00,2395.0
650,20170509  14:20:00,2395.25
651,20170509  14:21:00,2395.5
652,20170509  14:22:00,2395.25
653,20170509  14:23:00,2395.5
654,20170509  14:24:00,2395.5
655,20170509  14:25:00,2395.25
656,20170509  14:26:00,2395.25
657,20170509  14:27:00,2395.0
658,20170509  14:28:00,2395.25
659,20170509  14:29:00,2395.25
660,20170509  14:30:00,2395.5
661,20170509  14:31:00,2396.0
662,20170509  14:32:00,2395.75
663,20170509  14:33:00,2395.75
664,20170509  14:34:00,2395.75
665,20170509  14:35:00,2395.75
666,20170509  14:36:00,2395.75
667,20170509  14:37:00,2395.75
668,20170509  14:38:00,2396.0
669,20170509  14:39:00,2396.0
670,20170509  14:40:00,2395.75
671,20170509  14:41:00,2395.5
672,20170509  14:42:00,2395.5
673,20170509  14:43:00,2396.0
674,20170509  14:44:00,2395.75
675,20170509  14:45:00,2396.0
676,20170509  14:46:00,2396.0
677,20170509  14:47:00,2396.25
678,20170509  14:48:00,2396.0
679,20170509  14:49:00,2396.0
680,20170509  14:50:00,2396.25
681,20170509  14:51:00,2396.25
682,20170509  14:52:00,2396.0
683,20170509  14:53:00,2396.25
684,20170509  14:54:00,2396.25
685,20170509  14:55:00,2396.25
686,20170509  14:56:00,2396.25
687,20170509  14:57:00,2396.0
688,20170509  14:58:00,2396.25
689,20170509  14:59:00,2396.0
690,20170509  15:00:00,2396.0
691,20170509  15:01:00,2396.0
692,20170509  15:02:00,2396.0
693,20170509  15:03:00,2396.0
694,20170509  15:04:00,2396.0
695,20170509  15:05:00,2396.0
696,20170509  15:06:00,2396.25
697,20170509  15:07:00,2396.25
698,20170509  15:08:00,2396.0
699,20170509  15:09:00,2396.25
700,20170509  15:10:00,2396.25
701,20170509  15:11:00,2396.0
702,20170509  15:12:00,2396.25
703,20170509  15:13:00,2396.0
704,20170509  15:14:00,2396.25
705,20170509  15:15:00,2396.25
706,20170509  15:16:00,2396.0
707,20170509  15:17:00,2396.25
708,20170509  15:18:00,2396.0
709,20170509  15:19:00,2396.25
710,20170509  15:20:00,2396.25
711,20170509  15:21:00,2396.0
712,20170509  15:22:00,2396.0
713,20170509  15:23:00,2396.25
714,20170509  15:24:00,2396.25
715,20170509  15:25:00,2396.0
716,20170509  15:26:00,2396.25
717,20170509  15:27:00,2396.0
718,20170509  15:28:00,2395.75
719,20170509  15:29:00,2396.25
720,20170509  15:30:00,2396.5
721,20170509  15:31:00,2396.5
722,20170509  15:32:00,2396.25
723,20170509  15:33:00,2396.5
724,20170509  15:34:00,2396.5
725,20170509  15:35:00,2396.5
726,20170509  15:36:00,2396.25
727,20170509  15:37:00,2396.0
728,20170509  15:38:00,2395.75
729,20170509  15:39:00,2395.75
730,20170509  15:40:00,2395.75
731,20170509  15:41:00,2395.75
732,20170509  15:42:00,2396.0
733,20170509  15:43:00,2395.5
734,20170509  15:44:00,2395.5
735,20170509  15:45:00,2395.75
736,20170509  15:46:00,2395.5
737,20170509  15:47:00,2395.5
738,20170509  15:48:00,2395.5
739,20170509  15:49:00,2395.5
740,20170509  15:50:00,2395.75
741,20170509  15:51:00,2395.0
742,20170509  15:52:00,2395.0
743,20170509  15:53:00,2395.0
744,20170509  15:54:00,2395.25
745,20170509  15:55:00,2395.5
746,20170509  15:56:00,2395.5
747,20170509  15:57:00,2395.25
748,20170509  15:58:00,2395.25
749,20170509  15:59:00,2395.25
750,20170509  16:00:00,2395.5
751,20170509  16:01:00,2395.5
752,20170509  16:02:00,2395.5
753,20170509  16:03:00,2395.5
754,20170509  16:04:00,2395.25
755,20170509  16:05:00,2395.5
756,20170509  16:06:00,2395.5
757,20170509  16:07:00,2396.0
758,20170509  16:08:00,2396.5
759,20170509  16:09:00,2396.25
760,20170509  16:10:00,2396.5
761,20170509  16:11:00,2396.5
762,20170509  16:12:00,2396.25
763,20170509  16:13:00,2396.75
764,20170509  16:14:00,2396.75
765,20170509  16:15:00,2397.0
766,20170509  16:16:00,2396.75
767,20170509  16:17:00,2396.75
768,20170509  16:18:00,2396.75
769,20170509  16:19:00,2396.75
770,20170509  16:20:00,2396.5
771,20170509  16:21:00,2396.25
772,20170509  16:22:00,2396.5
773,20170509  16:23:00,2396.75
774,20170509  16:24:00,2397.25
775,20170509  16:25:00,2397.25
776,20170509  16:26:00,2397.25
777,20170509  16:27:00,2397.0
778,20170509  16:28:00,2396.75
779,20170509  16:29:00,2396.75
780,20170509  16:30:00,2396.75
781,20170509  16:31:00,2396.75
782,20170509  16:32:00,2396.75
783,20170509  16:33:00,2396.75
784,20170509  16:34:00,2397.0
785,20170509  16:35:00,2397.0
786,20170509  16:36:00,2397.25
787,20170509  16:37:00,2397.0
788,20170509  16:38:00,2397.25
789,20170509  16:39:00,2397.25
790,20170509  16:40:00,2397.25
791,20170509  16:41:00,2397.25
792,20170509  16:42:00,2397.25
793,20170509  16:43:00,2397.5
794,20170509  16:44:00,2397.5
795,20170509  16:45:00,2397.5
796,20170509  16:46:00,2397.0
797,20170509  16:47:00,2397.0
798,20170509  16:48:00,2397.0
799,20170509  16:49:00,2397.25
800,20170509  16:50:00,2397.0
801,20170509  16:51:00,2396.75
802,20170509  16:52:00,2397.0
803,20170509  16:53:00,2396.75
804,20170509  16:54:00,2397.0
805,20170509  16:55:00,2396.75
806,20170509  16:56:00,2397.0
807,20170509  16:57:00,2397.0
808,20170509  16:58:00,2397.25
809,20170509  16:59:00,2397.5
810,20170509  17:00:00,2397.5
811,20170509  17:01:00,2397.5
812,20170509  17:02:00,2397.25
813,20170509  17:03:00,2397.25
814,20170509  17:04:00,2397.25
815,20170509  17:05:00,2397.0
816,20170509  17:06:00,2397.0
817,20170509  17:07:00,2397.25
818,20170509  17:08:00,2397.0
819,20170509  17:09:00,2396.75
820,20170509  17:10:00,2396.75
821,20170509  17:11:00,2397.0
822,20170509  17:12:00,2397.0
823,20170509  17:13:00,2397.0
824,20170509  17:14:00,2396.75
825,20170509  17:15:00,2397.0
826,20170509  17:16:00,2397.0
827,20170509  17:17:00,2397.0
828,20170509  17:18:00,2396.75
829,20170509  17:19:00,2397.0
830,20170509  17:20:00,2396.5
831,20170509  17:21:00,2396.75
832,20170509  17:22:00,2396.75
833,20170509  17:23:00,2396.75
834,20170509  17:24:00,2396.75
835,20170509  17:25:00,2396.75
836,20170509  17:26:00,2397.0
837,20170509  17:27:00,2397.0
838,20170509  17:28:00,2397.0
839,20170509  17:29:00,2397.25
840,20170509  17:30:00,2397.5
841,20170509  17:31:00,2397.5
842,20170509  17:32:00,2397.0
843,20170509  17:33:00,2397.5
844,20170509  17:34:00,2397.75
845,20170509  17:35:00,2397.75
846,20170509  17:36:00,2397.5
847,20170509  17:37:00,2397.75
848,20170509  17:38:00,2397.5
849,20170509  17:39:00,2397.75
850,20170509  17:40:00,2397.75
851,20170509  17:41:00,2397.5
852,20170509  17:42:00,2397.5
853,20170509  17:43:00,2397.5
854,20170509  17:44:00,2397.75
855,20170509  17:45:00,2397.5
856,20170509  17:46:00,2397.5
857,20170509  17:47:00,2397.75
858,20170509  17:48:00,2397.75
859,20170509  17:49:00,2397.75
860,20170509  17:50:00,2397.75
861,20170509  17:51:00,2398.25
862,20170509  17:52:00,2398.25
863,20170509  17:53:00,2398.25
864,20170509  17:54:00,2398.25
865,20170509  17:55:00,2398.5
866,20170509  17:56:00,2398.25
867,20170509  17:57:00,2398.5
868,20170509  17:58:00,2398.25
869,20170509  17:59:00,2398.25
870,20170509  18:00:00,2398.25
871,20170509  18:01:00,2398.5
872,20170509  18:02:00,2398.5
873,20170509  18:03:00,2398.0
874,20170509  18:04:00,2398.25
875,20170509  18:05:00,2398.25
876,20170509  18:06:00,2398.25
877,20170509  18:07:00,2398.0
878,20170509  18:08:00,2398.0
879,20170509  18:09:00,2398.25
880,20170509  18:10:00,2398.25
881,20170509  18:11:00,2398.25
882,20170509  18:12:00,2398.75
883,20170509  18:13:00,2398.75
884,20170509  18:14:00,2398.5
885,20170509  18:15:00,2398.25
886,20170509  18:16:00,2398.25
887,20170509  18:17:00,2398.0
888,20170509  18:18:00,2398.25
889,20170509  18:19:00,2397.75
890,20170509  18:20:00,2397.75
891,20170509  18:21:00,2398.0
892,20170509  18:22:00,2398.0
893,20170509  18:23:00,2397.75
894,20170509  18:24:00,2397.75
895,20170509  18:25:00,2397.5
896,20170509  18:26:00,2397.5
897,20170509  18:27:00,2397.5
898,20170509  18:28:00,2397.5
899,20170509  18:29:00,2397.75
900,20170509  18:30:00,2397.5
901,20170509  18:31:00,2397.5
902,20170509  18:32:00,2397.25
903,20170509  18:33:00,2397.25
904,20170509  18:34:00,2397.25
905,20170509  18:35:00,2397.5
906,20170509  18:36:00,2397.25
907,20170509  18:37:00,2397.5
908,20170509  18:38:00,2397.0
909,20170509  18:39:00,2396.75
910,20170509  18:40:00,2396.75
911,20170509  18:41:00,2396.75
912,20170509  18:42:00,2397.25
913,20170509  18:43:00,2397.25
914,20170509  18:44:00,2397.75
915,20170509  18:45:00,2397.75
916,20170509  18:46:00,2397.75
917,20170509  18:47:00,2398.0
918,20170509  18:48:00,2397.75
919,20170509  18:49:00,2398.0
920,20170509  18:50:00,2398.0
921,20170509  18:51:00,2398.0
922,20170509  18:52:00,2398.0
923,20170509  18:53:00,2398.0
924,20170509  18:54:00,2397.75
925,20170509  18:55:00,2397.75
926,20170509  18:56:00,2397.75
927,20170509  18:57:00,2397.5
928,20170509  18:58:00,2397.5
929,20170509  18:59:00,2397.75
930,20170509  19:00:00,2397.25
931,20170509  19:01:00,2397.25
932,20170509  19:02:00,2397.75
933,20170509  19:03:00,2398.5
934,20170509  19:04:00,2398.25
935,20170509  19:05:00,2398.0
936,20170509  19:06:00,2398.0
937,20170509  19:07:00,2397.5
938,20170509  19:08:00,2396.75
939,20170509  19:09:00,2397.0
940,20170509  19:10:00,2396.75
941,20170509  19:11:00,2396.5
942,20170509  19:12:00,2396.5
943,20170509  19:13:00,2397.0
944,20170509  19:14:00,2397.0
945,20170509  19:15:00,2397.25
946,20170509  19:16:00,2397.0
947,20170509  19:17:00,2396.75
948,20170509  19:18:00,2397.25
949,20170509  19:19:00,2397.25
950,20170509  19:20:00,2397.5
951,20170509  19:21:00,2397.25
952,20170509  19:22:00,2397.5
953,20170509  19:23:00,2397.5
954,20170509  19:24:00,2397.25
955,20170509  19:25:00,2397.0
956,20170509  19:26:00,2397.5
957,20170509  19:27:00,2397.75
958,20170509  19:28:00,2397.75
959,20170509  19:29:00,2398.25
960,20170509  19:30:00,2398.75
961,20170509  19:31:00,2399.5
962,20170509  19:32:00,2399.25
963,20170509  19:33:00,2399.25
964,20170509  19:34:00,2398.5
965,20170509  19:35:00,2399.5
966,20170509  19:36:00,2399.5
967,20170509  19:37:00,2399.0
968,20170509  19:38:00,2399.75
969,20170509  19:39:00,2399.0
970,20170509  19:40:00,2398.5
971,20170509  19:41:00,2398.25
972,20170509  19:42:00,2398.5
973,20170509  19:43:00,2398.75
974,20170509  19:44:00,2399.5
975,20170509  19:45:00,2400.0
976,20170509  19:46:00,2399.0
977,20170509  19:47:00,2399.5
978,20170509  19:48:00,2399.5
979,20170509  19:49:00,2399.5
980,20170509  19:50:00,2400.0
981,20170509  19:51:00,2399.25
982,20170509  19:52:00,2398.75
983,20170509  19:53:00,2398.25
984,20170509  19:54:00,2398.75
985,20170509  19:55:00,2398.5
986,20170509  19:56:00,2398.75
987,20170509  19:57:00,2399.0
988,20170509  19:58:00,2399.25
989,20170509  19:59:00,2399.25
990,20170509  20:00:00,2399.0
991,20170509  20:01:00,2399.0
992,20170509  20:02:00,2399.0
993,20170509  20:03:00,2398.75
994,20170509  20:04:00,2398.5
995,20170509  20:05:00,2399.0
996,20170509  20:06:00,2398.5
997,20170509  20:07:00,2398.5
998,20170509  20:08:00,2398.5
999,20170509  20:09:00,2398.75
1000,20170509  20:10:00,2398.5
1001,20170509  20:11:00,2398.25
1002,20170509  20:12:00,2397.5
1003,20170509  20:13:00,2397.5
1004,20170509  20:14:00,2397.25
1005,20170509  20:15:00,2397.5
1006,20170509  20:16:00,2397.75
1007,20170509  20:17:00,2397.5
1008,20170509  20:18:00,2397.75
1009,20170509  20:19:00,2397.25
1010,20170509  20:20:00,2397.5
1011,20170509  20:21:00,2397.5
1012,20170509  20:22:00,2397.75
1013,20170509  20:23:00,2397.5
1014,20170509  20:24:00,2397.5
1015,20170509  20:25:00,2397.25
1016,20170509  20:26:00,2397.25
1017,20170509  20:27:00,2397.75
1018,20170509  20:28:00,2397.0
1019,20170509  20:29:00,2397.75
1020,20170509  20:30:00,2397.25
1021,20170509  20:31:00,2397.25
1022,20170509  20:32:00,2397.75
1023,20170509  20:33:00,2397.75
1024,20170509  20:34:00,2397.75
1025,20170509  20:35:00,2398.0
1026,20170509  20:36:00,2398.0
1027,20170509  20:37:00,2398.25
1028,20170509  20:38:00,2397.75
1029,20170509  20:39:00,2398.0
1030,20170509  20:40:00,2397.75
1031,20170509  20:41:00,2396.75
1032,20170509  20:42:00,2397.0
1033,20170509  20:43:00,2397.5
1034,20170509  20:44:00,2397.25
1035,20170509  20:45:00,2397.5
1036,20170509  20:46:00,2396.75
1037,20170509  20:47:00,2396.5
1038,20170509  20:48:00,2396.5
1039,20170509  20:49:00,2395.75
1040,20170509  20:50:00,2395.5
1041,20170509  20:51:00,2395.5
1042,20170509  20:52:00,2395.75
1043,20170509  20:53:00,2395.75
1044,20170509  20:54:00,2395.25
1045,20170509  20:55:00,2395.75
1046,20170509  20:56:00,2396.0
1047,20170509  20:57:00,2396.0
1048,20170509  20:58:00,2396.0
1049,20170509  20:59:00,2396.5
1050,20170509  21:00:00,2396.5
1051,20170509  21:01:00,2396.75
1052,20170509  21:02:00,2396.75
1053,20170509  21:03:00,2396.5
1054,20170509  21:04:00,2396.5
1055,20170509  21:05:00,2396.0
1056,20170509  21:06:00,2396.25
1057,20170509  21:07:00,2396.5
1058,20170509  21:08:00,2396.25
1059,20170509  21:09:00,2396.0
1060,20170509  21:10:00,2396.5
1061,20170509  21:11:00,2396.5
1062,20170509  21:12:00,2396.5
1063,20170509  21:13:00,2396.5
1064,20170509  21:14:00,2396.5
1065,20170509  21:15:00,2396.5
1066,20170509  21:16:00,2396.5
1067,20170509  21:17:00,2396.5
1068,20170509  21:18:00,2396.5
1069,20170509  21:19:00,2396.75
1070,20170509  21:20:00,2396.75
1071,20170509  21:21:00,2397.0
1072,20170509  21:22:00,2397.25
1073,20170509  21:23:00,2397.0
1074,20170509  21:24:00,2397.5
1075,20170509  21:25:00,2397.5
1076,20170509  21:26:00,2397.25
1077,20170509  21:27:00,2397.5
1078,20170509  21:28:00,2397.5
1079,20170509  21:29:00,2397.5
1080,20170509  21:30:00,2397.75
1081,20170509  21:31:00,2397.75
1082,20170509  21:32:00,2398.0
1083,20170509  21:33:00,2398.0
1084,20170509  21:34:00,2398.0
1085,20170509  21:35:00,2397.75
1086,20170509  21:36:00,2397.75
1087,20170509  21:37:00,2397.75
1088,20170509  21:38:00,2397.5
1089,20170509  21:39:00,2398.0
1090,20170509  21:40:00,2397.75
1091,20170509  21:41:00,2398.0
1092,20170509  21:42:00,2397.75
1093,20170509  21:43:00,2397.5
1094,20170509  21:44:00,2397.75
1095,20170509  21:45:00,2397.5
1096,20170509  21:46:00,2397.25
1097,20170509  21:47:00,2397.0
1098,20170509  21:48:00,2397.0
1099,20170509  21:49:00,2397.25
1100,20170509  21:50:00,2396.25
1101,20170509  21:51:00,2396.0
1102,20170509  21:52:00,2396.0
1103,20170509  21:53:00,2396.25
1104,20170509  21:54:00,2396.25
1105,20170509  21:55:00,2395.75
1106,20170509  21:56:00,2396.25
1107,20170509  21:57:00,2396.0
1108,20170509  21:58:00,2396.25
1109,20170509  21:59:00,2396.0
1110,20170509  22:00:00,2395.75
1111,20170509  22:01:00,2395.5
1112,20170509  22:02:00,2395.5
1113,20170509  22:03:00,2395.75
1114,20170509  22:04:00,2395.75
1115,20170509  22:05:00,2395.25
1116,20170509  22:06:00,2395.75
1117,20170509  22:07:00,2395.5
1118,20170509  22:08:00,2396.0
1119,20170509  22:09:00,2395.75
1120,20170509  22:10:00,2395.75
1121,20170509  22:11:00,2396.0
1122,20170509  22:12:00,2396.0
1123,20170509  22:13:00,2395.75
1124,20170509  22:14:00,2395.5
1125,20170509  22:15:00,2395.75
1126,20170509  22:16:00,2396.0
1127,20170509  22:17:00,2395.75
1128,20170509  22:18:00,2396.0
1129,20170509  22:19:00,2395.5
1130,20170509  22:20:00,2395.75
1131,20170509  22:21:00,2395.5
1132,20170509  22:22:00,2395.25
1133,20170509  22:23:00,2395.5
1134,20170509  22:24:00,2395.25
1135,20170509  22:25:00,2394.5
1136,20170509  22:26:00,2394.5
1137,20170509  22:27:00,2394.5
1138,20170509  22:28:00,2394.75
1139,20170509  22:29:00,2394.5
1140,20170509  22:30:00,2394.75
1141,20170509  22:31:00,2395.0
1142,20170509  22:32:00,2395.25
1143,20170509  22:33:00,2395.5
1144,20170509  22:34:00,2395.25
1145,20170509  22:35:00,2395.5
1146,20170509  22:36:00,2395.75
1147,20170509  22:37:00,2395.5
1148,20170509  22:38:00,2395.5
1149,20170509  22:39:00,2395.5
1150,20170509  22:40:00,2395.5
1151,20170509  22:41:00,2395.5
1152,20170509  22:42:00,2395.25
1153,20170509  22:43:00,2395.0
1154,20170509  22:44:00,2395.25
1155,20170509  22:45:00,2395.5
1156,20170509  22:46:00,2395.25
1157,20170509  22:47:00,2394.75
1158,20170509  22:48:00,2395.5
1159,20170509  22:49:00,2395.5
1160,20170509  22:50:00,2394.5
1161,20170509  22:51:00,2394.75
1162,20170509  22:52:00,2394.75
1163,20170509  22:53:00,2394.75
1164,20170509  22:54:00,2394.5
1165,20170509  22:55:00,2392.75
1166,20170509  22:56:00,2392.75
1167,20170509  22:57:00,2393.0
1168,20170509  22:58:00,2392.25
1169,20170509  22:59:00,2392.25
1170,20170509  23:00:00,2393.0
1171,20170509  23:01:00,2393.0
1172,20170509  23:02:00,2392.75
1173,20170509  23:03:00,2392.5
1174,20170509  23:04:00,2392.75
1175,20170509  23:05:00,2393.0
1176,20170509  23:06:00,2393.25
1177,20170509  23:07:00,2392.75
1178,20170509  23:08:00,2393.25
1179,20170509  23:09:00,2393.25
1180,20170509  23:10:00,2393.25
1181,20170509  23:11:00,2393.75
1182,20170509  23:12:00,2394.25
1183,20170509  23:13:00,2394.0
1184,20170509  23:14:00,2394.25
1185,20170509  23:15:00,2394.5
1186,20170509  23:16:00,2394.0
1187,20170509  23:17:00,2394.0
1188,20170509  23:18:00,2394.0
1189,20170509  23:19:00,2394.0
1190,20170509  23:20:00,2394.75
1191,20170509  23:21:00,2394.5
1192,20170509  23:22:00,2394.5
1193,20170509  23:23:00,2394.25
1194,20170509  23:24:00,2394.75
1195,20170509  23:25:00,2394.75
1196,20170509  23:26:00,2394.75
1197,20170509  23:27:00,2394.5
1198,20170509  23:28:00,2394.75
1199,20170509  23:29:00,2395.25
1200,20170509  23:30:00,2395.0
1201,20170509  23:31:00,2394.75
1202,20170509  23:32:00,2394.25
1203,20170509  23:33:00,2394.75
1204,20170509  23:34:00,2394.25
1205,20170509  23:35:00,2394.25
1206,20170509  23:36:00,2393.75
1207,20170509  23:37:00,2393.75
1208,20170509  23:38:00,2393.75
1209,20170509  23:39:00,2393.75
1210,20170509  23:40:00,2393.75
1211,20170509  23:41:00,2393.75
1212,20170509  23:42:00,2394.0
1213,20170509  23:43:00,2394.25
1214,20170509  23:44:00,2394.0
1215,20170509  23:45:00,2393.75
1216,20170509  23:46:00,2393.75
1217,20170509  23:47:00,2394.25
1218,20170509  23:48:00,2394.25
1219,20170509  23:49:00,2394.0
1220,20170509  23:50:00,2394.25
1221,20170509  23:51:00,2394.25
1222,20170509  23:52:00,2394.25
1223,20170509  23:53:00,2394.0
1224,20170509  23:54:00,2393.5
1225,20170509  23:55:00,2393.5
1226,20170509  23:56:00,2393.5
1227,20170509  23:57:00,2394.0
1228,20170509  23:58:00,2393.5
1229,20170509  23:59:00,2393.25
1230,20170510  00:00:00,2393.75
1231,20170510  00:01:00,2393.75
1232,20170510  00:02:00,2394.0
1233,20170510  00:03:00,2393.75
1234,20170510  00:04:00,2393.5
1235,20170510  00:05:00,2393.75
1236,20170510  00:06:00,2393.75
1237,20170510  00:07:00,2393.5
1238,20170510  00:08:00,2393.5
1239,20170510  00:09:00,2393.75
1240,20170510  00:10:00,2393.5
1241,20170510  00:11:00,2393.75
1242,20170510  00:12:00,2394.0
1243,20170510  00:13:00,2393.75
1244,20170510  00:14:00,2394.0
1245,20170510  00:15:00,2394.25
1246,20170510  00:16:00,2394.5
1247,20170510  00:17:00,2394.25
1248,20170510  00:18:00,2394.5
1249,20170510  00:19:00,2394.75
1250,20170510  00:20:00,2394.25
1251,20170510  00:21:00,2394.5
1252,20170510  00:22:00,2394.5
1253,20170510  00:23:00,2394.5
1254,20170510  00:24:00,2394.5
1255,20170510  00:25:00,2394.75
1256,20170510  00:26:00,2395.0
1257,20170510  00:27:00,2394.5
1258,20170510  00:28:00,2394.5
1259,20170510  00:29:00,2394.25
1260,20170510  00:30:00,2394.25
1261,20170510  00:31:00,2394.0
1262,20170510  00:32:00,2394.5
1263,20170510  00:33:00,2394.75
1264,20170510  00:34:00,2395.0
1265,20170510  00:35:00,2394.75
1266,20170510  00:36:00,2395.5
1267,20170510  00:37:00,2395.25
1268,20170510  00:38:00,2395.25
1269,20170510  00:39:00,2395.0
1270,20170510  00:40:00,2395.0
1271,20170510  00:41:00,2395.5
1272,20170510  00:42:00,2395.0
1273,20170510  00:43:00,2395.25
1274,20170510  00:44:00,2395.5
1275,20170510  00:45:00,2395.5
1276,20170510  00:46:00,2395.25
1277,20170510  00:47:00,2394.75
1278,20170510  00:48:00,2394.25
1279,20170510  00:49:00,2394.5
1280,20170510  00:50:00,2394.75
1281,20170510  00:51:00,2394.75
1282,20170510  00:52:00,2394.5
1283,20170510  00:53:00,2395.0
1284,20170510  00:54:00,2394.75
1285,20170510  00:55:00,2395.0
1286,20170510  00:56:00,2395.0
1287,20170510  00:57:00,2394.75
1288,20170510  00:58:00,2395.0
1289,20170510  00:59:00,2394.75
1290,20170510  01:00:00,2394.0
1291,20170510  01:01:00,2393.25
1292,20170510  01:02:00,2393.5
1293,20170510  01:03:00,2392.5
1294,20170510  01:04:00,2393.0
1295,20170510  01:05:00,2392.75
1296,20170510  01:06:00,2392.0
1297,20170510  01:07:00,2391.25
1298,20170510  01:08:00,2390.5
1299,20170510  01:09:00,2391.0
1300,20170510  01:10:00,2391.0
1301,20170510  01:11:00,2391.0
1302,20170510  01:12:00,2389.25
1303,20170510  01:13:00,2389.5
1304,20170510  01:14:00,2389.75
1305,20170510  01:15:00,2390.75
1306,20170510  01:16:00,2391.25
1307,20170510  01:17:00,2391.5
1308,20170510  01:18:00,2391.25
1309,20170510  01:19:00,2391.25
1310,20170510  01:20:00,2392.0
1311,20170510  01:21:00,2391.25
1312,20170510  01:22:00,2391.25
1313,20170510  01:23:00,2391.75
1314,20170510  01:24:00,2392.25
1315,20170510  01:25:00,2392.75
1316,20170510  01:26:00,2392.75
1317,20170510  01:27:00,2392.75
1318,20170510  01:28:00,2393.0
1319,20170510  01:29:00,2392.75
1320,20170510  01:30:00,2393.0
1321,20170510  01:31:00,2392.5
1322,20170510  01:32:00,2392.75
1323,20170510  01:33:00,2392.25
1324,20170510  01:34:00,2392.5
1325,20170510  01:35:00,2392.5
1326,20170510  01:36:00,2392.0
1327,20170510  01:37:00,2391.75
1328,20170510  01:38:00,2392.25
1329,20170510  01:39:00,2392.25
1330,20170510  01:40:00,2392.25
1331,20170510  01:41:00,2392.25
1332,20170510  01:42:00,2392.75
1333,20170510  01:43:00,2393.0
1334,20170510  01:44:00,2393.25
1335,20170510  02:00:00,2393.25
1336,20170510  02:01:00,2393.0
1337,20170510  02:02:00,2393.0
1338,20170510  02:03:00,2393.25
1339,20170510  02:04:00,2393.0
1340,20170510  02:05:00,2393.25
1341,20170510  02:06:00,2393.0
1342,20170510  02:07:00,2393.0
1343,20170510  02:08:00,2393.0
1344,20170510  02:09:00,2393.0
1345,20170510  02:10:00,2392.75
1346,20170510  02:11:00,2392.75
1347,20170510  02:12:00,2392.75
1348,20170510  02:13:00,2392.75
1349,20170510  02:14:00,2392.75
1350,20170510  02:15:00,2392.75
1351,20170510  02:16:00,2393.0
1352,20170510  02:17:00,2393.5
1353,20170510  02:18:00,2393.25
1354,20170510  02:19:00,2393.5
1355,20170510  02:20:00,2393.25
1356,20170510  02:21:00,2393.25
1357,20170510  02:22:00,2393.5
1358,20170510  02:23:00,2393.5
1359,20170510  02:24:00,2393.25
1360,20170510  02:25:00,2393.0
1361,20170510  02:26:00,2393.0
1362,20170510  02:27:00,2393.0
1363,20170510  02:28:00,2392.75
1364,20170510  02:29:00,2392.75
1365,20170510  03:30:00,2392.25
1366,20170510  03:31:00,2392.0
1367,20170510  03:32:00,2391.5
1368,20170510  03:33:00,2392.0
1369,20170510  03:34:00,2392.0
1370,20170510  03:35:00,2392.0
1371,20170510  03:36:00,2392.0
1372,20170510  03:37:00,2392.0
1373,20170510  03:38:00,2392.0
1374,20170510  03:39:00,2392.0
1375,20170510  03:40:00,2391.75
1376,20170510  03:41:00,2391.5
1377,20170510  03:42:00,2391.5
1378,20170510  03:43:00,2391.5
1379,20170510  03:44:00,2391.25
1380,20170510  03:45:00,2391.25
1381,20170510  03:46:00,2391.25
1382,20170510  03:47:00,2391.25
1383,20170510  03:48:00,2391.5
1384,20170510  03:49:00,2391.75
1385,20170510  03:50:00,2391.25
1386,20170510  03:51:00,2391.5
1387,20170510  03:52:00,2391.5
1388,20170510  03:53:00,2391.5
1389,20170510  03:54:00,2391.25
1390,20170510  03:55:00,2391.25
1391,20170510  03:56:00,2391.25
1392,20170510  03:57:00,2390.75
1393,20170510  03:58:00,2391.0
1394,20170510  03:59:00,2391.0
1395,20170510  04:00:00,2391.0
1396,20170510  04:01:00,2390.75
1397,20170510  04:02:00,2390.25
1398,20170510  04:03:00,2390.25
1399,20170510  04:04:00,2390.25
1400,20170510  04:05:00,2390.5
1401,20170510  04:06:00,2390.5
1402,20170510  04:07:00,2391.0
1403,20170510  04:08:00,2391.0
1404,20170510  04:09:00,2391.0
1405,20170510  04:10:00,2391.0
1406,20170510  04:11:00,2391.25
1407,20170510  04:12:00,2391.25
1408,20170510  04:13:00,2391.0
1409,20170510  04:14:00,2390.75
1410,20170510  04:15:00,2390.75
1411,20170510  04:16:00,2390.5
1412,20170510  04:17:00,2390.25
1413,20170510  04:18:00,2390.25
1414,20170510  04:19:00,2390.25
1415,20170510  04:20:00,2390.25
1416,20170510  04:21:00,2390.0
1417,20170510  04:22:00,2390.25
1418,20170510  04:23:00,2390.0
1419,20170510  04:24:00,2390.0
1420,20170510  04:25:00,2389.5
1421,20170510  04:26:00,2389.5
1422,20170510  04:27:00,2389.5
1423,20170510  04:28:00,2389.5
1424,20170510  04:29:00,2389.25
1425,20170510  04:30:00,2389.25
1426,20170510  04:31:00,2389.5
1427,20170510  04:32:00,2389.5
1428,20170510  04:33:00,2389.0
1429,20170510  04:34:00,2389.0
1430,20170510  04:35:00,2388.75
1431,20170510  04:36:00,2389.0
1432,20170510  04:37:00,2389.0
1433,20170510  04:38:00,2389.25
1434,20170510  04:39:00,2389.5
1435,20170510  04:40:00,2389.0
1436,20170510  04:41:00,2389.25
1437,20170510  04:42:00,2389.0
1438,20170510  04:43:00,2388.75
1439,20170510  04:44:00,2388.5
1440,20170510  04:45:00,2388.5
1441,20170510  04:46:00,2388.75
1442,20170510  04:47:00,2388.25
1443,20170510  04:48:00,2388.75
1444,20170510  04:49:00,2388.75
1445,20170510  04:50:00,2388.5
1446,20170510  04:51:00,2388.5
1447,20170510  04:52:00,2389.0
1448,20170510  04:53:00,2389.25
1449,20170510  04:54:00,2389.0
1450,20170510  04:55:00,2389.25
1451,20170510  04:56:00,2389.25
1452,20170510  04:57:00,2389.0
1453,20170510  04:58:00,2389.0
1454,20170510  04:59:00,2389.25
1455,20170510  05:00:00,2389.0
1456,20170510  05:01:00,2389.0
1457,20170510  05:02:00,2389.0
1458,20170510  05:03:00,2389.0
1459,20170510  05:04:00,2389.25
1460,20170510  05:05:00,2389.25
1461,20170510  05:06:00,2389.25
1462,20170510  05:07:00,2389.5
1463,20170510  05:08:00,2389.5
1464,20170510  05:09:00,2389.5
1465,20170510  05:10:00,2389.5
1466,20170510  05:11:00,2389.25
1467,20170510  05:12:00,2389.0
1468,20170510  05:13:00,2389.0
1469,20170510  05:14:00,2388.75
1470,20170510  05:15:00,2389.0
1471,20170510  05:16:00,2388.75
1472,20170510  05:17:00,2388.75
1473,20170510  05:18:00,2389.0
1474,20170510  05:19:00,2389.0
1475,20170510  05:20:00,2389.0
1476,20170510  05:21:00,2388.75
1477,20170510  05:22:00,2388.5
1478,20170510  05:23:00,2388.25
1479,20170510  05:24:00,2388.25
1480,20170510  05:25:00,2388.25
1481,20170510  05:26:00,2388.0
1482,20170510  05:27:00,2388.0
1483,20170510  05:28:00,2388.0
1484,20170510  05:29:00,2388.25
1485,20170510  05:30:00,2388.25
1486,20170510  05:31:00,2388.25
1487,20170510  05:32:00,2388.25
1488,20170510  05:33:00,2388.25
1489,20170510  05:34:00,2388.75
1490,20170510  05:35:00,2388.5
1491,20170510  05:36:00,2388.75
1492,20170510  05:37:00,2389.0
1493,20170510  05:38:00,2389.0
1494,20170510  05:39:00,2388.75
1495,20170510  05:40:00,2388.25
1496,20170510  05:41:00,2388.25
1497,20170510  05:42:00,2388.25
1498,20170510  05:43:00,2388.5
1499,20170510  05:44:00,2388.5
1500,20170510  05:45:00,2388.5
1501,20170510  05:46:00,2389.0
1502,20170510  05:47:00,2389.0
1503,20170510  05:48:00,2389.0
1504,20170510  05:49:00,2388.75
1505,20170510  05:50:00,2389.0
1506,20170510  05:51:00,2388.75
1507,20170510  05:52:00,2388.75
1508,20170510  05:53:00,2388.5
1509,20170510  05:54:00,2388.25
1510,20170510  05:55:00,2388.5
1511,20170510  05:56:00,2388.5
1512,20170510  05:57:00,2388.25
1513,20170510  05:58:00,2388.5
1514,20170510  05:59:00,2387.5
1515,20170510  06:00:00,2388.0
1516,20170510  06:01:00,2388.5
1517,20170510  06:02:00,2389.0
1518,20170510  06:03:00,2389.0
1519,20170510  06:04:00,2389.0
1520,20170510  06:05:00,2389.25
1521,20170510  06:06:00,2389.0
1522,20170510  06:07:00,2389.5
1523,20170510  06:08:00,2389.0
1524,20170510  06:09:00,2389.0
1525,20170510  06:10:00,2389.25
1526,20170510  06:11:00,2389.0
1527,20170510  06:12:00,2389.0
1528,20170510  06:13:00,2389.0
1529,20170510  06:14:00,2388.75
1530,20170510  06:15:00,2389.0
1531,20170510  06:16:00,2389.0
1532,20170510  06:17:00,2388.75
1533,20170510  06:18:00,2389.0
1534,20170510  06:19:00,2389.0
1535,20170510  06:20:00,2389.0
1536,20170510  06:21:00,2389.0
1537,20170510  06:22:00,2389.25
1538,20170510  06:23:00,2389.0
1539,20170510  06:24:00,2388.75
1540,20170510  06:25:00,2389.0
1541,20170510  06:26:00,2388.75
1542,20170510  06:27:00,2388.75
1543,20170510  06:28:00,2388.75
1544,20170510  06:29:00,2388.5
1545,20170510  06:30:00,2389.0
1546,20170510  06:31:00,2388.75
1547,20170510  06:32:00,2389.0
1548,20170510  06:33:00,2389.0
1549,20170510  06:34:00,2389.0
1550,20170510  06:35:00,2388.75
1551,20170510  06:36:00,2389.25
1552,20170510  06:37:00,2389.25
1553,20170510  06:38:00,2389.0
1554,20170510  06:39:00,2389.0
1555,20170510  06:40:00,2389.0
1556,20170510  06:41:00,2389.0
1557,20170510  06:42:00,2389.0
1558,20170510  06:43:00,2389.0
1559,20170510  06:44:00,2389.0
1560,20170510  06:45:00,2389.25
1561,20170510  06:46:00,2389.5
1562,20170510  06:47:00,2389.75
1563,20170510  06:48:00,2389.75
1564,20170510  06:49:00,2389.75
1565,20170510  06:50:00,2389.5
1566,20170510  06:51:00,2389.5
1567,20170510  06:52:00,2389.5
1568,20170510  06:53:00,2390.0
1569,20170510  06:54:00,2390.0
1570,20170510  06:55:00,2390.0
1571,20170510  06:56:00,2389.75
1572,20170510  06:57:00,2389.75
1573,20170510  06:58:00,2389.5
1574,20170510  06:59:00,2389.5
1575,20170510  07:00:00,2389.5
1576,20170510  07:01:00,2389.5
1577,20170510  07:02:00,2389.75
1578,20170510  07:03:00,2389.75
1579,20170510  07:04:00,2389.5
1580,20170510  07:05:00,2389.75
1581,20170510  07:06:00,2389.5
1582,20170510  07:07:00,2389.75
1583,20170510  07:08:00,2390.25
1584,20170510  07:09:00,2390.25
1585,20170510  07:10:00,2390.25
1586,20170510  07:11:00,2390.25
1587,20170510  07:12:00,2390.25
1588,20170510  07:13:00,2389.5
1589,20170510  07:14:00,2389.5
1590,20170510  07:15:00,2389.75
1591,20170510  07:16:00,2389.5
1592,20170510  07:17:00,2389.5
1593,20170510  07:18:00,2389.75
1594,20170510  07:19:00,2389.75
1595,20170510  07:20:00,2389.75
1596,20170510  07:21:00,2389.5
1597,20170510  07:22:00,2389.5
1598,20170510  07:23:00,2389.5
1599,20170510  07:24:00,2389.5
1600,20170510  07:25:00,2389.75
1601,20170510  07:26:00,2389.75
1602,20170510  07:27:00,2389.75
1603,20170510  07:28:00,2389.25
1604,20170510  07:29:00,2389.25
1605,20170510  07:30:00,2389.25
1606,20170510  07:31:00,2389.25
1607,20170510  07:32:00,2389.5
1608,20170510  07:33:00,2389.5
1609,20170510  07:34:00,2389.5
1610,20170510  07:35:00,2389.5
1611,20170510  07:36:00,2389.5
1612,20170510  07:37:00,2389.5
1613,20170510  07:38:00,2389.5
1614,20170510  07:39:00,2389.5
1615,20170510  07:40:00,2389.75
1616,20170510  07:41:00,2389.75
1617,20170510  07:42:00,2389.5
1618,20170510  07:43:00,2389.75
1619,20170510  07:44:00,2389.5
1620,20170510  07:45:00,2389.75
1621,20170510  07:46:00,2389.75
1622,20170510  07:47:00,2390.0
1623,20170510  07:48:00,2390.0
1624,20170510  07:49:00,2389.75
1625,20170510  07:50:00,2389.75
1626,20170510  07:51:00,2389.5
1627,20170510  07:52:00,2389.5
1628,20170510  07:53:00,2389.75
1629,20170510  07:54:00,2390.0
1630,20170510  07:55:00,2389.75
1631,20170510  07:56:00,2390.0
1632,20170510  07:57:00,2389.5
1633,20170510  07:58:00,2389.5
1634,20170510  07:59:00,2389.5
1635,20170510  08:00:00,2389.5
1636,20170510  08:01:00,2389.25
1637,20170510  08:02:00,2389.25
1638,20170510  08:03:00,2389.25
1639,20170510  08:04:00,2389.5
1640,20170510  08:05:00,2389.25
1641,20170510  08:06:00,2389.25
1642,20170510  08:07:00,2389.0
1643,20170510  08:08:00,2389.0
1644,20170510  08:09:00,2389.0
1645,20170510  08:10:00,2389.25
1646,20170510  08:11:00,2389.25
1647,20170510  08:12:00,2389.0
1648,20170510  08:13:00,2389.0
1649,20170510  08:14:00,2389.0
1650,20170510  08:15:00,2389.0
1651,20170510  08:16:00,2389.5
1652,20170510  08:17:00,2389.5
1653,20170510  08:18:00,2389.5
1654,20170510  08:19:00,2389.75
1655,20170510  08:20:00,2389.5
1656,20170510  08:21:00,2389.5
1657,20170510  08:22:00,2389.5
1658,20170510  08:23:00,2389.5
1659,20170510  08:24:00,2389.0
1660,20170510  08:25:00,2389.25
1661,20170510  08:26:00,2389.25
1662,20170510  08:27:00,2389.25
1663,20170510  08:28:00,2389.5
1664,20170510  08:29:00,2389.5
1665,20170510  08:30:00,2389.5
1666,20170510  08:31:00,2389.25
1667,20170510  08:32:00,2389.25
1668,20170510  08:33:00,2389.0
1669,20170510  08:34:00,2389.0
1670,20170510  08:35:00,2389.0
1671,20170510  08:36:00,2389.0
1672,20170510  08:37:00,2389.25
1673,20170510  08:38:00,2389.0
1674,20170510  08:39:00,2389.25
1675,20170510  08:40:00,2389.25
1676,20170510  08:41:00,2389.0
1677,20170510  08:42:00,2389.0
1678,20170510  08:43:00,2389.0
1679,20170510  08:44:00,2389.0
1680,20170510  08:45:00,2389.0
1681,20170510  08:46:00,2389.0
1682,20170510  08:47:00,2389.25
1683,20170510  08:48:00,2389.0
1684,20170510  08:49:00,2389.25
1685,20170510  08:50:00,2389.0
1686,20170510  08:51:00,2389.25
1687,20170510  08:52:00,2389.75
1688,20170510  08:53:00,2390.0
1689,20170510  08:54:00,2390.0
1690,20170510  08:55:00,2390.0
1691,20170510  08:56:00,2390.0
1692,20170510  08:57:00,2389.75
1693,20170510  08:58:00,2390.0
1694,20170510  08:59:00,2389.75
1695,20170510  09:00:00,2389.75
1696,20170510  09:01:00,2389.75
1697,20170510  09:02:00,2389.5
1698,20170510  09:03:00,2389.75
1699,20170510  09:04:00,2390.0
1700,20170510  09:05:00,2389.75
1701,20170510  09:06:00,2390.0
1702,20170510  09:07:00,2389.75
1703,20170510  09:08:00,2389.75
1704,20170510  09:09:00,2389.75
1705,20170510  09:10:00,2390.0
1706,20170510  09:11:00,2389.75
1707,20170510  09:12:00,2390.0
1708,20170510  09:13:00,2390.0
1709,20170510  09:14:00,2390.0
1710,20170510  09:15:00,2390.0
1711,20170510  09:16:00,2389.75
1712,20170510  09:17:00,2389.75
1713,20170510  09:18:00,2389.75
1714,20170510  09:19:00,2390.0
1715,20170510  09:20:00,2390.0
1716,20170510  09:21:00,2390.0
1717,20170510  09:22:00,2390.0
1718,20170510  09:23:00,2390.0
1719,20170510  09:24:00,2390.0
1720,20170510  09:25:00,2389.75
1721,20170510  09:26:00,2389.75
1722,20170510  09:27:00,2390.0
1723,20170510  09:28:00,2389.75
1724,20170510  09:29:00,2390.0
1725,20170510  09:30:00,2389.75
1726,20170510  09:31:00,2389.75
1727,20170510  09:32:00,2390.0
1728,20170510  09:33:00,2390.0
1729,20170510  09:34:00,2389.75
1730,20170510  09:35:00,2389.75
1731,20170510  09:36:00,2389.75
1732,20170510  09:37:00,2389.75
1733,20170510  09:38:00,2389.75
1734,20170510  09:39:00,2390.0
1735,20170510  09:40:00,2389.75
1736,20170510  09:41:00,2389.75
1737,20170510  09:42:00,2389.75
1738,20170510  09:43:00,2389.75
1739,20170510  09:44:00,2389.75
1740,20170510  09:45:00,2389.75
1741,20170510  09:46:00,2389.75
1742,20170510  09:47:00,2389.75
1743,20170510  09:48:00,2390.0
1744,20170510  09:49:00,2390.0
1745,20170510  09:50:00,2390.0
1746,20170510  09:51:00,2390.0
1747,20170510  09:52:00,2390.0
1748,20170510  09:53:00,2389.75
1749,20170510  09:54:00,2390.0
1750,20170510  09:55:00,2389.75
1751,20170510  09:56:00,2389.75
1752,20170510  09:57:00,2390.0
1753,20170510  09:58:00,2389.75
1754,20170510  09:59:00,2389.75
1755,20170510  10:00:00,2390.0
1756,20170510  10:01:00,2390.0
1757,20170510  10:02:00,2390.0
1758,20170510  10:03:00,2390.0
1759,20170510  10:04:00,2390.0
1760,20170510  10:05:00,2390.0
1761,20170510  10:06:00,2389.75
1762,20170510  10:07:00,2390.0
1763,20170510  10:08:00,2390.0
1764,20170510  10:09:00,2389.75
1765,20170510  10:10:00,2390.0
1766,20170510  10:11:00,2390.25
1767,20170510  10:12:00,2390.25
1768,20170510  10:13:00,2390.25
1769,20170510  10:14:00,2390.0
1770,20170510  10:15:00,2390.0
1771,20170510  10:16:00,2390.0
1772,20170510  10:17:00,2390.25
1773,20170510  10:18:00,2390.0
1774,20170510  10:19:00,2389.75
1775,20170510  10:20:00,2389.75
1776,20170510  10:21:00,2389.75
1777,20170510  10:22:00,2389.75
1778,20170510  10:23:00,2389.75
1779,20170510  10:24:00,2390.0
1780,20170510  10:25:00,2389.75
1781,20170510  10:26:00,2389.75
1782,20170510  10:27:00,2389.75
1783,20170510  10:28:00,2390.0
1784,20170510  10:29:00,2389.75
1785,20170510  10:30:00,2390.0
1786,20170510  10:31:00,2390.0
1787,20170510  10:32:00,2390.0
1788,20170510  10:33:00,2390.0
1789,20170510  10:34:00,2390.0
1790,20170510  10:35:00,2389.75
1791,20170510  10:36:00,2389.75
1792,20170510  10:37:00,2390.0
1793,20170510  10:38:00,2390.0
1794,20170510  10:39:00,2390.0
1795,20170510  10:40:00,2390.0
1796,20170510  10:41:00,2390.0
1797,20170510  10:42:00,2390.25
1798,20170510  10:43:00,2390.25
1799,20170510  10:44:00,2389.75
1800,20170510  10:45:00,2390.0
1801,20170510  10:46:00,2390.0
1802,20170510  10:47:00,2390.25
1803,20170510  10:48:00,2390.0
1804,20170510  10:49:00,2389.75
1805,20170510  10:50:00,2390.0
1806,20170510  10:51:00,2389.75
1807,20170510  10:52:00,2389.75
1808,20170510  10:53:00,2389.75
1809,20170510  10:54:00,2390.0
1810,20170510  10:55:00,2389.75
1811,20170510  10:56:00,2389.75
1812,20170510  10:57:00,2389.75
1813,20170510  10:58:00,2389.75
1814,20170510  10:59:00,2389.75
1815,20170510  11:00:00,2389.75
1816,20170510  11:01:00,2390.0
1817,20170510  11:02:00,2390.0
1818,20170510  11:03:00,2389.75
1819,20170510  11:04:00,2389.75
1820,20170510  11:05:00,2389.75
1821,20170510  11:06:00,2389.75
1822,20170510  11:07:00,2389.75
1823,20170510  11:08:00,2389.75
1824,20170510  11:09:00,2389.75
1825,20170510  11:10:00,2390.0
1826,20170510  11:11:00,2389.75
1827,20170510  11:12:00,2390.0
1828,20170510  11:13:00,2390.0
1829,20170510  11:14:00,2390.0
1830,20170510  11:15:00,2390.0
1831,20170510  11:16:00,2390.0
1832,20170510  11:17:00,2389.75
1833,20170510  11:18:00,2389.75
1834,20170510  11:19:00,2389.75
1835,20170510  11:20:00,2390.25
1836,20170510  11:21:00,2389.75
1837,20170510  11:22:00,2389.75
1838,20170510  11:23:00,2389.75
1839,20170510  11:24:00,2389.75
1840,20170510  11:25:00,2390.0
1841,20170510  11:26:00,2390.0
1842,20170510  11:27:00,2390.25
1843,20170510  11:28:00,2390.0
1844,20170510  11:29:00,2390.0
1845,20170510  11:30:00,2390.0
1846,20170510  11:31:00,2390.0
1847,20170510  11:32:00,2390.0
1848,20170510  11:33:00,2390.0
1849,20170510  11:34:00,2390.0
1850,20170510  11:35:00,2390.0
1851,20170510  11:36:00,2390.0
1852,20170510  11:37:00,2390.0
1853,20170510  11:38:00,2389.75
1854,20170510  11:39:00,2389.5
1855,20170510  11:40:00,2389.5
1856,20170510  11:41:00,2389.5
1857,20170510  11:42:00,2389.5
1858,20170510  11:43:00,2389.5
1859,20170510  11:44:00,2389.5
1860,20170510  11:45:00,2389.25
1861,20170510  11:46:00,2389.25
1862,20170510  11:47:00,2389.25
1863,20170510  11:48:00,2389.25
1864,20170510  11:49:00,2389.5
1865,20170510  11:50:00,2389.5
1866,20170510  11:51:00,2389.75
1867,20170510  11:52:00,2389.5
1868,20170510  11:53:00,2389.5
1869,20170510  11:54:00,2389.5
1870,20170510  11:55:00,2389.75
1871,20170510  11:56:00,2389.75
1872,20170510  11:57:00,2390.0
1873,20170510  11:58:00,2389.75
1874,20170510  11:59:00,2389.75
1875,finished-20170508  12:00:00-20170510  12:00:00,-1.0
